date,1a. open (EUR),2a. high (EUR),3a. low (EUR),4a. close (EUR),5. volume
2023-05-02 04:00:00,25603.01,25609.98,25484.0,25492.0,19.03654
2023-05-02 05:00:00,25495.0,25576.05,25447.36,25571.33,26.65223
2023-05-02 06:00:00,25571.33,25596.93,25539.0,25561.01,23.76945
2023-05-02 07:00:00,25561.01,25684.91,25549.02,25625.99,43.66961
2023-05-02 08:00:00,25626.48,25728.33,25590.81,25614.61,43.87288
2023-05-02 09:00:00,25614.61,25674.18,25575.88,25637.02,52.63263
2023-05-02 10:00:00,25637.17,25693.06,25626.76,25652.01,50.50363
2023-05-02 11:00:00,25662.37,25691.0,25604.53,25637.21,59.2664
2023-05-02 12:00:00,25636.67,25800.04,25583.33,25702.74,78.87934
2023-05-02 13:00:00,25699.96,25733.0,25563.51,25620.96,69.53587
2023-05-02 14:00:00,25624.99,26160.0,25502.8,25914.0,162.29371
2023-05-02 15:00:00,25919.03,26183.77,25814.88,25988.95,116.8318
2023-05-02 16:00:00,25988.91,26065.2,25928.66,25946.0,57.13412
2023-05-02 17:00:00,25948.43,26056.0,25915.12,26041.71,36.06725
2023-05-02 18:00:00,26044.27,26229.95,26000.0,26181.99,44.57633
2023-05-02 19:00:00,26183.62,26327.0,26139.09,26153.0,90.36941
2023-05-02 20:00:00,26171.0,26265.49,26111.01,26166.0,33.38612
2023-05-02 21:00:00,26160.44,26179.57,26110.0,26152.72,25.43172
2023-05-02 22:00:00,26152.72,26279.99,26142.5,26209.99,49.53793
2023-05-02 23:00:00,26210.0,26239.01,26092.91,26130.78,15.27755
2023-05-03 00:00:00,26132.71,26149.96,25936.99,25948.98,49.16448
2023-05-03 01:00:00,25948.6,26012.02,25936.93,25974.94,44.0383
2023-05-03 02:00:00,25972.05,25978.22,25791.0,25940.74,30.80105
2023-05-03 03:00:00,25940.74,25962.27,25879.43,25942.01,19.06177
2023-05-03 04:00:00,25942.01,25946.76,25863.23,25929.09,32.44883
2023-05-03 05:00:00,25928.56,25933.78,25865.01,25891.63,22.30579
2023-05-03 06:00:00,25889.25,26067.4,25855.02,25996.37,41.13429
2023-05-03 07:00:00,25993.24,26071.88,25983.78,26054.83,40.17793
2023-05-03 08:00:00,26054.83,26159.51,25980.23,26078.91,45.41771
2023-05-03 09:00:00,26074.67,26083.79,26011.05,26063.0,43.09733
2023-05-03 10:00:00,26063.87,26081.56,25960.79,25977.63,43.75837
2023-05-03 11:00:00,25974.42,26010.51,25905.0,25927.58,48.04979
2023-05-03 12:00:00,25927.57,25962.52,25681.42,25743.0,96.4887
2023-05-03 13:00:00,25738.71,25830.0,25590.8,25807.61,103.36577
2023-05-03 14:00:00,25809.22,25817.47,25533.13,25625.3,64.83556
2023-05-03 15:00:00,25621.0,25735.6,25560.43,25702.97,51.52652
2023-05-03 16:00:00,25699.88,25880.11,25647.0,25866.01,47.04957
2023-05-03 17:00:00,25866.32,26130.0,25806.05,25954.37,97.70917
2023-05-03 18:00:00,25958.61,26091.0,25640.0,25807.95,165.99697
2023-05-03 19:00:00,25804.9,25872.0,25634.12,25703.07,60.19672
2023-05-03 20:00:00,25692.01,25913.45,25650.6,25859.4,48.69363
2023-05-03 21:00:00,25861.91,26328.91,25857.71,26215.43,93.47583
2023-05-03 22:00:00,26215.58,26502.57,26215.58,26367.66,79.30909
2023-05-03 23:00:00,26369.99,26391.01,26216.12,26288.99,31.46301
2023-05-04 00:00:00,26291.09,26344.29,26208.76,26300.85,26.82006
2023-05-04 01:00:00,26297.01,26329.0,26230.45,26303.08,18.77527
2023-05-04 02:00:00,26304.99,26408.69,26226.04,26286.96,17.52495
2023-05-04 03:00:00,26286.78,26326.09,26248.1,26324.0,19.32014
2023-05-04 04:00:00,26325.99,26349.0,26297.36,26330.65,23.84925
2023-05-04 05:00:00,26330.65,26429.11,26291.91,26419.39,26.35587
2023-05-04 06:00:00,26422.0,26445.99,26307.22,26405.4,27.19149
2023-05-04 07:00:00,26403.03,26432.99,26332.02,26360.29,34.44473
2023-05-04 08:00:00,26362.9,26439.03,26306.5,26434.01,30.60799
2023-05-04 09:00:00,26434.26,26450.0,26358.63,26397.88,39.8588
2023-05-04 10:00:00,26396.75,26621.77,26365.53,26482.23,69.04588
2023-05-04 11:00:00,26485.87,26491.99,26370.79,26395.99,39.23778
2023-05-04 12:00:00,26396.03,26549.0,26354.06,26450.75,76.46361
2023-05-04 13:00:00,26455.73,26473.56,26055.27,26165.42,96.95378
2023-05-04 14:00:00,26164.01,26340.0,26154.99,26247.0,62.53921
2023-05-04 15:00:00,26246.49,26387.0,26236.94,26287.85,35.26646
2023-05-04 16:00:00,26287.76,26360.06,26216.89,26318.01,29.81806
2023-05-04 17:00:00,26318.91,26349.49,26185.78,26239.53,26.35507
2023-05-04 18:00:00,26238.01,26275.03,26108.74,26219.99,31.03029
2023-05-04 19:00:00,26222.05,26317.66,26150.56,26300.0,30.74301
2023-05-04 20:00:00,26300.0,26318.0,26229.02,26277.0,19.09547
2023-05-04 21:00:00,26278.99,26300.0,26202.7,26253.64,13.07989
2023-05-04 22:00:00,26254.0,26269.48,26178.99,26200.28,27.21536
2023-05-04 23:00:00,26199.94,26265.48,26197.16,26250.84,13.83581
2023-05-05 00:00:00,26252.97,26344.67,26238.4,26320.63,19.28931
2023-05-05 01:00:00,26324.84,26656.99,26260.02,26644.77,69.82253
2023-05-05 02:00:00,26641.67,26803.95,26524.91,26575.72,62.67177
2023-05-05 03:00:00,26576.7,26617.15,26471.39,26519.91,31.69952
2023-05-05 04:00:00,26519.94,26590.0,26504.33,26542.39,17.55658
2023-05-05 05:00:00,26542.39,26564.01,26481.0,26516.29,19.82353
2023-05-05 06:00:00,26517.08,26564.07,26441.62,26481.15,28.06465
2023-05-05 07:00:00,26480.02,26550.38,26394.22,26442.99,40.12257
2023-05-05 08:00:00,26444.89,26495.0,26419.53,26431.0,32.60912
2023-05-05 09:00:00,26431.22,26516.12,26400.0,26479.74,41.0215
2023-05-05 10:00:00,26479.75,26505.64,26451.16,26492.03,40.82763
2023-05-05 11:00:00,26492.03,26553.74,26448.99,26507.68,59.28078
2023-05-05 12:00:00,26514.0,26622.71,26262.0,26418.0,76.46706
2023-05-05 13:00:00,26415.58,26670.67,26355.0,26601.36,62.86142
2023-05-05 14:00:00,26603.0,26813.47,26553.66,26650.01,100.76556
2023-05-05 15:00:00,26650.0,26721.84,26544.02,26714.56,89.57908
2023-05-05 16:00:00,26718.09,27000.0,26717.5,26896.59,105.72776
2023-05-05 17:00:00,26891.04,26968.3,26828.45,26832.98,58.22942
2023-05-05 18:00:00,26830.08,26891.0,26665.0,26733.23,45.55005
2023-05-05 19:00:00,26734.09,26910.0,26717.08,26909.99,31.12202
2023-05-05 20:00:00,26910.0,26944.07,26820.97,26838.01,26.47838
2023-05-05 21:00:00,26834.34,26867.09,26772.0,26797.01,31.43704
2023-05-05 22:00:00,26795.35,26919.97,26783.76,26864.99,22.14573
2023-05-05 23:00:00,26864.99,26874.01,26738.3,26760.01,25.70165
2023-05-06 00:00:00,26760.02,27055.99,26736.26,26920.14,57.21079
2023-05-06 01:00:00,26920.27,26935.93,26758.48,26811.63,22.4004
2023-05-06 02:00:00,26809.7,26823.47,26700.93,26723.56,21.86646
2023-05-06 03:00:00,26722.78,26739.98,26603.4,26625.15,20.58195
2023-05-06 04:00:00,26622.8,26682.58,26604.07,26621.0,18.69226
2023-05-06 05:00:00,26619.02,26656.95,26609.31,26627.96,11.25779
2023-05-06 06:00:00,26631.14,26670.6,26555.0,26652.93,21.84541
2023-05-06 07:00:00,26652.92,26708.0,26642.35,26659.0,18.49828
2023-05-06 08:00:00,26660.96,26662.89,26465.83,26625.76,41.74889
2023-05-06 09:00:00,26630.19,26663.53,26589.97,26599.09,19.6961
2023-05-06 10:00:00,26594.47,26623.17,26501.0,26528.27,31.875
2023-05-06 11:00:00,26529.18,26579.0,26509.81,26551.61,20.22088
2023-05-06 12:00:00,26551.56,26581.08,26377.0,26457.01,55.7006
2023-05-06 13:00:00,26454.22,26456.26,26213.04,26260.64,53.44139
2023-05-06 14:00:00,26259.35,26259.35,25905.01,25933.3,116.18164
2023-05-06 15:00:00,25930.0,25985.6,25696.41,25931.22,79.14917
2023-05-06 16:00:00,25933.14,26090.0,25890.0,26064.01,61.24399
2023-05-06 17:00:00,26064.37,26204.62,26024.96,26185.73,49.3565
2023-05-06 18:00:00,26188.54,26330.0,26181.08,26281.19,51.70863
2023-05-06 19:00:00,26281.18,26331.31,26169.9,26186.98,50.71652
2023-05-06 20:00:00,26186.99,26221.0,26105.6,26171.01,27.1102
2023-05-06 21:00:00,26171.0,26190.99,26000.0,26110.68,43.06885
2023-05-06 22:00:00,26103.99,26138.89,26058.08,26088.9,20.19438
2023-05-06 23:00:00,26084.2,26165.59,26079.25,26139.15,14.33947
2023-05-07 00:00:00,26139.14,26278.99,26109.0,26274.18,36.68787
2023-05-07 01:00:00,26273.99,26445.99,26134.64,26200.89,47.20413
2023-05-07 02:00:00,26204.88,26230.31,26081.55,26087.4,27.23184
2023-05-07 03:00:00,26085.24,26103.54,26001.58,26057.0,15.94591
2023-05-07 04:00:00,26061.93,26085.01,26015.21,26048.82,22.95226
2023-05-07 05:00:00,26047.35,26085.15,26017.69,26082.0,22.96089
2023-05-07 06:00:00,26082.01,26267.38,26076.0,26229.01,14.78024
2023-05-07 07:00:00,26231.22,26264.0,26175.82,26231.5,17.95725
2023-05-07 08:00:00,26230.33,26279.0,26180.49,26205.16,23.08619
2023-05-07 09:00:00,26206.2,26217.51,25989.14,25994.0,27.58311
2023-05-07 10:00:00,25993.98,26065.04,25961.76,26059.78,22.77737
2023-05-07 11:00:00,26063.72,26117.44,25904.36,26046.87,63.47941
2023-05-07 12:00:00,26047.52,26137.48,26030.04,26090.83,37.99201
2023-05-07 13:00:00,26090.98,26300.04,26077.0,26238.38,41.22521
2023-05-07 14:00:00,26237.01,26398.0,26190.78,26357.3,36.98917
2023-05-07 15:00:00,26361.0,26370.36,26221.53,26267.91,21.57438
2023-05-07 16:00:00,26267.95,26290.83,26144.0,26279.98,41.36051
2023-05-07 17:00:00,26280.0,26350.0,26235.02,26274.04,48.77753
2023-05-07 18:00:00,26274.03,26321.0,26236.77,26260.0,85.92221
2023-05-07 19:00:00,26259.91,26316.7,26176.48,26297.26,37.01951
2023-05-07 20:00:00,26292.56,26321.86,26255.65,26280.0,19.57167
2023-05-07 21:00:00,26281.86,26322.0,26143.99,26163.0,19.61296
2023-05-07 22:00:00,26169.43,26237.0,26125.42,26162.47,18.45803
2023-05-07 23:00:00,26161.01,26208.41,25853.34,25882.0,86.48791
2023-05-08 00:00:00,25882.03,26074.84,25822.0,26016.99,76.44716
2023-05-08 01:00:00,26021.04,26037.46,25560.0,25699.9,140.34547
2023-05-08 02:00:00,25699.14,25755.64,25616.01,25741.01,42.96622
2023-05-08 03:00:00,25741.0,25741.0,25500.0,25638.3,50.98905
2023-05-08 04:00:00,25641.27,25658.06,25540.79,25552.98,28.19618
2023-05-08 05:00:00,25551.98,25682.0,25505.89,25682.0,41.52292
2023-05-08 06:00:00,25678.01,25680.83,25546.0,25580.49,26.63593
2023-05-08 07:00:00,25578.18,25609.64,25302.9,25422.7,60.89352
2023-05-08 08:00:00,25422.7,25430.17,25078.67,25207.26,92.67088
2023-05-08 09:00:00,25208.95,25426.44,25186.01,25409.6,64.54459
2023-05-08 10:00:00,25409.03,25433.24,25352.0,25400.5,55.23322
2023-05-08 11:00:00,25400.02,25427.15,25330.44,25425.83,39.05277
2023-05-08 12:00:00,25425.83,25431.82,25244.66,25263.7,57.69326
2023-05-08 13:00:00,25259.87,25434.32,25234.32,25332.88,69.23455
2023-05-08 14:00:00,25328.98,25498.06,25200.0,25480.51,60.91522
2023-05-08 15:00:00,25486.73,25588.0,25365.76,25397.0,89.63381
2023-05-08 16:00:00,25396.03,25432.99,25331.93,25361.86,48.61915
2023-05-08 17:00:00,25362.64,25402.72,25088.51,25088.51,101.24979
2023-05-08 18:00:00,25087.0,25152.98,24908.23,25054.79,165.92098
2023-05-08 19:00:00,25054.79,25078.76,24900.0,24937.43,82.99868
2023-05-08 20:00:00,24940.26,25123.99,24877.01,25119.38,84.29587
2023-05-08 21:00:00,25113.01,25228.59,25017.11,25133.0,56.58745
2023-05-08 22:00:00,25139.15,25248.02,25117.11,25237.11,40.25121
2023-05-08 23:00:00,25240.97,25296.72,25180.4,25275.3,31.76969
2023-05-09 00:00:00,25275.92,25276.01,25171.51,25198.04,18.91354
2023-05-09 01:00:00,25201.32,25349.02,25185.0,25308.91,41.56987
2023-05-09 02:00:00,25310.21,25310.21,25181.92,25256.02,12.62042
2023-05-09 03:00:00,25256.01,25256.01,25176.52,25230.0,20.04327
2023-05-09 04:00:00,25229.01,25243.67,25179.18,25215.13,17.63089
2023-05-09 05:00:00,25216.76,25224.72,25119.67,25137.63,38.67635
2023-05-09 06:00:00,25134.92,25168.69,25023.51,25133.01,35.91991
2023-05-09 07:00:00,25133.01,25304.84,25096.68,25301.01,34.9961
2023-05-09 08:00:00,25300.87,25302.68,25195.96,25204.86,65.8495
2023-05-09 09:00:00,25205.66,25230.58,25170.01,25210.39,27.75825
2023-05-09 10:00:00,25210.4,25283.52,25191.82,25217.09,27.95891
2023-05-09 11:00:00,25217.09,25379.83,25157.24,25342.15,37.57393
2023-05-09 12:00:00,25342.15,25460.71,25317.93,25449.2,56.44235
2023-05-09 13:00:00,25449.2,25513.16,25240.04,25296.0,83.47211
2023-05-09 14:00:00,25296.27,25301.14,25112.42,25235.17,85.87125
2023-05-09 15:00:00,25235.27,25272.4,25081.96,25107.43,74.4732
2023-05-09 16:00:00,25109.65,25367.6,25076.06,25367.6,62.45775
2023-05-09 17:00:00,25370.0,25409.97,25236.0,25275.28,28.1696
2023-05-09 18:00:00,25276.68,25326.64,25180.73,25221.05,40.71567
2023-05-09 19:00:00,25221.96,25375.0,25161.08,25360.78,60.12245
2023-05-09 20:00:00,25369.49,25421.56,25270.02,25312.0,22.68968
2023-05-09 21:00:00,25307.99,25321.0,25249.97,25265.94,62.82902
2023-05-09 22:00:00,25270.0,25276.99,25191.39,25243.0,10.59475
2023-05-09 23:00:00,25243.59,25314.0,25238.5,25290.78,25.69967
2023-05-10 00:00:00,25290.2,25419.99,25281.66,25388.1,58.60854
2023-05-10 01:00:00,25388.99,25477.14,25322.96,25349.29,53.64811
2023-05-10 02:00:00,25349.3,25388.16,25309.05,25318.41,14.3853
2023-05-10 03:00:00,25320.09,25356.29,25295.48,25310.97,30.16414
2023-05-10 04:00:00,25310.01,25318.25,25278.48,25316.01,7.53851
2023-05-10 05:00:00,25316.01,25346.28,25293.12,25301.46,16.0002
2023-05-10 06:00:00,25301.46,25301.46,25228.45,25276.61,16.25417
2023-05-10 07:00:00,25272.01,25272.01,25170.01,25223.44,47.02094
2023-05-10 08:00:00,25225.29,25296.59,25189.57,25275.48,64.20122
2023-05-10 09:00:00,25275.51,25304.0,25250.0,25271.49,32.01128
2023-05-10 10:00:00,25275.63,25292.12,25220.13,25247.51,34.31406
2023-05-10 11:00:00,25249.74,25323.98,25246.82,25319.07,39.82086
2023-05-10 12:00:00,25319.01,25692.98,25291.98,25684.0,124.90455
2023-05-10 13:00:00,25688.01,25821.85,25590.0,25737.91,83.3584
2023-05-10 14:00:00,25738.99,25809.53,25656.46,25700.4,65.34766
2023-05-10 15:00:00,25699.37,25799.98,25674.0,25764.89,32.27103
2023-05-10 16:00:00,25764.89,25886.66,25760.99,25779.01,53.38017
2023-05-10 17:00:00,25782.61,25810.0,24512.0,25173.21,281.88518
2023-05-10 18:00:00,25175.0,25218.2,25045.91,25096.21,53.02242
2023-05-10 19:00:00,25096.24,25426.34,25071.21,25309.64,52.59445
2023-05-10 20:00:00,25311.97,25567.63,25276.29,25460.99,66.26293
2023-05-10 21:00:00,25469.0,25481.91,24923.55,25153.38,74.25302
2023-05-10 22:00:00,25146.04,25329.01,25140.46,25301.99,19.96757
2023-05-10 23:00:00,25301.94,25350.0,25220.47,25241.03,11.17572
2023-05-11 00:00:00,25241.01,25261.23,25085.28,25144.0,22.48847
2023-05-11 01:00:00,25144.0,25199.1,25103.0,25182.38,14.22873
2023-05-11 02:00:00,25186.01,25223.13,25146.31,25156.63,13.48973
2023-05-11 03:00:00,25156.69,25156.69,25030.81,25102.45,18.21588
2023-05-11 04:00:00,25103.0,25145.39,25053.0,25144.16,17.96025
2023-05-11 05:00:00,25142.77,25173.75,25072.5,25166.0,19.7132
2023-05-11 06:00:00,25162.9,25247.72,25120.0,25243.0,31.53562
2023-05-11 07:00:00,25243.1,25293.0,25155.88,25189.77,36.83689
2023-05-11 08:00:00,25189.74,25191.36,25020.76,25148.95,46.36141
2023-05-11 09:00:00,25148.01,25205.0,25112.0,25167.53,35.45161
2023-05-11 10:00:00,25166.86,25214.21,25150.72,25184.01,55.42036
2023-05-11 11:00:00,25184.0,25209.42,25127.03,25154.9,39.41679
2023-05-11 12:00:00,25158.76,25337.22,25045.93,25148.67,57.16293
2023-05-11 13:00:00,25146.0,25286.79,24955.16,25040.0,72.06737
2023-05-11 14:00:00,25048.0,25147.74,24771.48,24933.48,92.26991
2023-05-11 15:00:00,24932.8,25039.01,24860.91,24992.0,56.61031
2023-05-11 16:00:00,24992.28,25002.78,24899.0,24916.84,42.30347
2023-05-11 17:00:00,24916.3,24935.4,24600.0,24739.11,87.47037
2023-05-11 18:00:00,24739.11,24823.0,24619.38,24798.25,55.2479
2023-05-11 19:00:00,24794.91,24876.36,24555.0,24667.7,70.359
2023-05-11 20:00:00,24677.41,24850.0,24647.01,24820.69,28.92791
2023-05-11 21:00:00,24821.51,24872.9,24774.0,24806.99,24.63971
2023-05-11 22:00:00,24806.98,24871.97,24733.78,24738.33,26.72736
2023-05-11 23:00:00,24735.0,24875.0,24662.62,24798.99,15.92449
2023-05-12 00:00:00,24798.99,24858.58,24747.02,24841.02,15.04508
2023-05-12 01:00:00,24844.66,24888.14,24671.37,24697.0,22.82682
2023-05-12 02:00:00,24691.81,24702.2,24400.0,24486.81,49.80013
2023-05-12 03:00:00,24485.58,24549.72,24387.0,24422.77,44.98511
2023-05-12 04:00:00,24429.0,24532.52,24363.0,24477.88,37.28049
2023-05-12 05:00:00,24476.57,24495.74,24050.0,24128.39,78.27245
2023-05-12 06:00:00,24125.96,24166.53,24000.16,24155.77,91.05993
2023-05-12 07:00:00,24153.84,24237.47,24112.94,24205.38,65.14153
2023-05-12 08:00:00,24207.31,24273.0,24136.94,24176.89,52.13802
2023-05-12 09:00:00,24175.82,24318.27,24174.68,24266.6,58.88007
2023-05-12 10:00:00,24266.56,24290.24,24194.0,24201.01,52.90061
2023-05-12 11:00:00,24203.0,24286.0,24186.1,24266.91,65.68048
2023-05-12 12:00:00,24266.65,24427.24,24247.37,24354.27,61.5006
2023-05-12 13:00:00,24355.25,24473.86,24302.35,24388.0,64.72023
2023-05-12 14:00:00,24384.36,24530.47,24254.92,24276.95,87.776
2023-05-12 15:00:00,24274.98,24351.36,24246.3,24297.0,50.58892
2023-05-12 16:00:00,24297.0,24384.93,24226.06,24264.73,51.36507
2023-05-12 17:00:00,24264.36,24383.0,24253.3,24305.0,32.37909
2023-05-12 18:00:00,24306.59,24368.3,24293.01,24312.01,37.89009
2023-05-12 19:00:00,24312.77,24486.66,23870.06,24466.3,167.15726
2023-05-12 20:00:00,24460.0,24489.42,24370.72,24455.02,56.03493
2023-05-12 21:00:00,24455.93,24774.06,24455.93,24705.02,64.09522
2023-05-12 22:00:00,24706.0,24830.19,24589.02,24631.76,36.82505
2023-05-12 23:00:00,24628.61,24746.95,24600.39,24733.21,17.34228
2023-05-13 00:00:00,24741.69,24779.0,24635.49,24773.84,18.73039
2023-05-13 01:00:00,24778.99,24928.44,24734.24,24764.0,41.65157
2023-05-13 02:00:00,24769.99,24787.0,24712.41,24722.41,16.23075
2023-05-13 03:00:00,24723.7,24796.51,24714.01,24749.03,13.82395
2023-05-13 04:00:00,24749.03,24790.45,24711.21,24752.44,13.12007
2023-05-13 05:00:00,24752.23,24822.1,24703.5,24712.69,29.80899
2023-05-13 06:00:00,24713.62,24742.18,24694.53,24723.0,16.96178
2023-05-13 07:00:00,24725.0,24797.36,24691.99,24777.01,31.494
2023-05-13 08:00:00,24777.01,24816.52,24746.74,24804.4,25.66762
2023-05-13 09:00:00,24803.78,24825.96,24766.2,24820.0,26.45184
2023-05-13 10:00:00,24818.98,24854.06,24765.0,24840.3,27.1465
2023-05-13 11:00:00,24838.5,24862.01,24792.21,24826.38,18.88379
2023-05-13 12:00:00,24828.17,24900.0,24772.99,24832.0,17.63527
2023-05-13 13:00:00,24832.57,24883.96,24791.54,24830.96,24.70583
2023-05-13 14:00:00,24830.99,24854.24,24749.0,24801.83,22.75746
2023-05-13 15:00:00,24802.01,24838.19,24771.13,24828.54,16.14086
2023-05-13 16:00:00,24828.55,24866.75,24804.97,24855.69,17.94478
2023-05-13 17:00:00,24855.99,24862.14,24814.64,24828.45,14.24039
2023-05-13 18:00:00,24822.7,25041.22,24792.02,24805.35,28.28099
2023-05-13 19:00:00,24813.37,24970.97,24798.51,24861.31,22.43905
2023-05-13 20:00:00,24861.31,24943.0,24859.0,24931.24,18.85385
2023-05-13 21:00:00,24932.67,24973.09,24894.44,24899.8,23.54515
2023-05-13 22:00:00,24900.94,24928.42,24867.89,24920.57,12.37347
2023-05-13 23:00:00,24921.66,24959.29,24780.06,24806.63,12.90752
2023-05-14 00:00:00,24798.83,24831.0,24626.87,24761.09,38.27896
2023-05-14 01:00:00,24761.99,24768.89,24661.92,24741.11,23.86071
2023-05-14 02:00:00,24741.11,24835.43,24729.6,24817.13,15.06764
2023-05-14 03:00:00,24814.39,24874.03,24786.42,24867.19,11.63356
2023-05-14 04:00:00,24868.6,24876.64,24804.23,24831.89,12.23015
2023-05-14 05:00:00,24835.38,24860.12,24815.56,24841.03,11.32658
2023-05-14 06:00:00,24840.01,24898.99,24838.39,24854.92,16.27404
2023-05-14 07:00:00,24859.0,24885.59,24840.05,24864.43,13.58437
2023-05-14 08:00:00,24864.44,24899.99,24850.29,24863.36,15.88532
2023-05-14 09:00:00,24864.07,24883.99,24827.47,24863.0,12.7674
2023-05-14 10:00:00,24863.84,24868.52,24832.0,24842.04,13.28246
2023-05-14 11:00:00,24842.03,24847.0,24804.0,24819.79,11.45917
2023-05-14 12:00:00,24817.02,24876.18,24754.26,24874.22,18.80199
2023-05-14 13:00:00,24876.18,24930.44,24831.24,24918.8,16.19863
2023-05-14 14:00:00,24927.05,24965.17,24863.57,24959.18,14.9103
2023-05-14 15:00:00,24956.99,25179.38,24956.99,25063.03,47.91801
2023-05-14 16:00:00,25063.53,25114.0,24927.47,24959.3,23.12358
2023-05-14 17:00:00,24953.0,24979.49,24868.12,24945.87,26.2364
2023-05-14 18:00:00,24943.11,24959.48,24867.99,24921.41,18.06084
2023-05-14 19:00:00,24923.26,24942.1,24844.77,24905.21,31.58701
2023-05-14 20:00:00,24901.25,24949.0,24842.01,24939.0,27.76201
2023-05-14 21:00:00,24939.0,24961.92,24859.0,24879.48,31.36943
2023-05-14 22:00:00,24879.48,24926.39,24856.0,24879.66,19.6479
2023-05-14 23:00:00,24881.59,24905.0,24843.46,24894.0,15.98161
2023-05-15 00:00:00,24891.22,24905.85,24708.0,24786.92,45.90738
2023-05-15 01:00:00,24789.0,25209.35,24769.86,25125.0,66.6872
2023-05-15 02:00:00,25127.0,25168.56,25060.15,25105.33,19.38319
2023-05-15 03:00:00,25103.86,25183.21,25099.91,25158.1,16.39261
2023-05-15 04:00:00,25159.0,25222.33,25105.09,25206.45,24.41733
2023-05-15 05:00:00,25206.02,25278.46,25154.73,25237.73,56.04721
2023-05-15 06:00:00,25237.73,25432.98,25220.13,25371.0,71.77347
2023-05-15 07:00:00,25372.01,25390.68,25270.36,25295.92,34.96792
2023-05-15 08:00:00,25295.92,25332.31,25270.0,25321.45,20.49635
2023-05-15 09:00:00,25321.45,25369.99,25239.0,25277.32,29.97334
2023-05-15 10:00:00,25277.99,25286.9,25229.57,25253.05,34.7302
2023-05-15 11:00:00,25253.02,25279.63,25163.88,25181.54,43.48525
2023-05-15 12:00:00,25181.55,25237.4,25163.0,25226.8,38.44099
2023-05-15 13:00:00,25227.08,25300.01,25200.0,25231.88,37.24952
2023-05-15 14:00:00,25234.53,25406.0,25103.06,25296.04,53.73996
2023-05-15 15:00:00,25299.19,25334.32,25252.91,25275.36,40.71122
2023-05-15 16:00:00,25276.51,25442.38,25253.91,25346.02,52.97502
2023-05-15 17:00:00,25354.67,25513.33,25291.62,25373.56,43.43457
2023-05-15 18:00:00,25373.56,25391.0,25258.86,25308.24,21.25418
2023-05-15 19:00:00,25309.01,25318.01,25210.0,25281.0,20.58647
2023-05-15 20:00:00,25287.58,25293.38,25217.24,25230.37,9.98158
2023-05-15 21:00:00,25231.7,25269.02,25202.35,25253.72,12.92701
2023-05-15 22:00:00,25253.72,25253.72,25150.02,25195.01,19.05984
2023-05-15 23:00:00,25195.01,25202.04,25032.46,25069.0,24.31882
2023-05-16 00:00:00,25062.51,25172.0,24975.22,25085.92,27.24989
2023-05-16 01:00:00,25085.03,25125.99,24767.65,24927.54,57.52718
2023-05-16 02:00:00,24920.71,24976.73,24883.0,24965.37,21.04045
2023-05-16 03:00:00,24964.45,25017.62,24941.94,25007.99,15.32096
2023-05-16 04:00:00,25016.0,25024.0,24970.01,24984.72,9.19466
2023-05-16 05:00:00,24983.37,25032.05,24906.36,24939.57,26.1581
2023-05-16 06:00:00,24940.28,24991.34,24884.94,24950.17,23.1012
2023-05-16 07:00:00,24948.69,25100.55,24941.29,25095.61,27.97314
2023-05-16 08:00:00,25099.57,25129.0,25014.98,25063.11,31.10805
2023-05-16 09:00:00,25062.33,25078.73,24935.01,24945.91,53.74049
2023-05-16 10:00:00,24945.0,24966.99,24832.73,24848.48,53.82307
2023-05-16 11:00:00,24848.49,24946.0,24831.51,24894.15,22.15865
2023-05-16 12:00:00,24895.89,24975.03,24850.3,24924.59,38.93079
2023-05-16 13:00:00,24922.53,25000.99,24875.0,24877.92,42.17395
2023-05-16 14:00:00,24878.96,24940.65,24811.57,24902.19,66.49549
2023-05-16 15:00:00,24902.19,25000.35,24896.0,24969.0,39.29091
2023-05-16 16:00:00,24969.0,25045.91,24900.0,24962.99,28.21926
2023-05-16 17:00:00,24959.03,25001.82,24874.49,24997.22,19.87422
2023-05-16 18:00:00,25000.99,25021.0,24910.01,24959.28,18.19725
2023-05-16 19:00:00,24959.31,24978.74,24820.01,24866.78,26.52924
2023-05-16 20:00:00,24860.01,24900.0,24830.04,24869.0,22.56683
2023-05-16 21:00:00,24866.72,24959.0,24840.27,24919.06,10.12411
2023-05-16 22:00:00,24916.93,24943.43,24885.24,24901.59,16.56168
2023-05-16 23:00:00,24900.0,24952.77,24878.01,24931.99,5.26603
2023-05-17 00:00:00,24930.81,24988.63,24873.2,24977.0,6.56668
2023-05-17 01:00:00,24976.0,25099.99,24935.02,25038.8,25.66754
2023-05-17 02:00:00,25038.93,25060.0,24938.26,24943.9,7.28771
2023-05-17 03:00:00,24940.2,25010.4,24925.0,24942.01,4.83409
2023-05-17 04:00:00,24942.5,24980.37,24928.49,24953.92,10.2579
2023-05-17 05:00:00,24952.99,24953.34,24887.2,24902.99,12.9666
2023-05-17 06:00:00,24902.99,24913.13,24843.9,24911.39,18.88434
2023-05-17 07:00:00,24913.13,24941.19,24726.17,24818.87,40.8509
2023-05-17 08:00:00,24816.0,24834.42,24745.01,24810.59,30.11044
2023-05-17 09:00:00,24810.59,24872.27,24798.68,24867.97,20.05409
2023-05-17 10:00:00,24867.04,24918.89,24831.08,24874.0,22.74898
2023-05-17 11:00:00,24873.74,24873.91,24585.98,24667.82,54.55302
2023-05-17 12:00:00,24668.32,24784.56,24640.59,24712.01,33.51569
2023-05-17 13:00:00,24712.01,24793.87,24655.73,24693.28,32.82854
2023-05-17 14:00:00,24696.44,24850.0,24589.01,24814.0,48.38249
2023-05-17 15:00:00,24815.13,24844.71,24746.01,24808.55,35.86944
2023-05-17 16:00:00,24806.33,24915.0,24751.04,24875.08,42.94943
2023-05-17 17:00:00,24875.09,25114.48,24828.15,25030.91,48.47311
2023-05-17 18:00:00,25035.99,25150.0,25017.81,25061.04,35.69682
2023-05-17 19:00:00,25060.0,25374.61,25060.0,25304.28,83.14351
2023-05-17 20:00:00,25315.0,25387.0,25197.0,25262.13,27.18308
2023-05-17 21:00:00,25263.41,25418.54,25204.96,25291.44,31.57754
2023-05-17 22:00:00,25292.56,25318.2,25231.0,25264.53,9.24042
2023-05-17 23:00:00,25264.99,25357.75,25264.99,25340.45,11.30531
2023-05-18 00:00:00,25340.99,25405.59,25278.11,25279.17,8.63971
2023-05-18 01:00:00,25282.46,25313.5,25221.0,25239.33,8.17883
2023-05-18 02:00:00,25239.32,25295.75,25210.05,25261.62,3.14682
2023-05-18 03:00:00,25260.22,25296.57,25244.4,25291.44,4.42255
2023-05-18 04:00:00,25292.19,25294.53,25238.97,25244.94,7.77235
2023-05-18 05:00:00,25245.12,25260.85,25172.72,25174.12,20.42717
2023-05-18 06:00:00,25173.33,25200.03,25105.78,25163.03,14.92089
2023-05-18 07:00:00,25161.44,25402.4,25152.09,25359.18,35.06283
2023-05-18 08:00:00,25354.8,25400.89,25314.54,25358.48,29.31819
2023-05-18 09:00:00,25358.0,25398.88,25324.71,25378.42,24.26839
2023-05-18 10:00:00,25378.43,25411.24,25321.27,25335.01,26.25072
2023-05-18 11:00:00,25334.74,25383.01,25328.9,25380.91,17.3179
2023-05-18 12:00:00,25380.92,25436.84,25246.01,25246.01,60.96721
2023-05-18 13:00:00,25250.41,25339.2,25208.01,25328.58,31.80385
2023-05-18 14:00:00,25324.0,25443.49,25126.38,25312.55,53.19961
2023-05-18 15:00:00,25321.73,25369.99,25146.42,25166.39,49.6458
2023-05-18 16:00:00,25167.08,25219.11,25103.85,25185.1,50.83975
2023-05-18 17:00:00,25184.62,25204.69,24557.0,24658.6,90.21591
2023-05-18 18:00:00,24659.82,24819.13,24588.92,24791.0,58.51695
2023-05-18 19:00:00,24791.0,24986.58,24753.58,24873.0,48.879
2023-05-18 20:00:00,24868.02,24922.26,24839.98,24878.99,20.77226
2023-05-18 21:00:00,24880.0,25189.99,24879.99,25051.64,38.47839
2023-05-18 22:00:00,25052.62,25079.0,24982.19,25027.34,13.60641
2023-05-18 23:00:00,25026.75,25027.03,24955.6,24956.58,6.06753
2023-05-19 00:00:00,24956.57,25059.83,24941.36,25016.0,11.38533
2023-05-19 01:00:00,25017.0,25043.02,24915.59,24965.09,10.9436
2023-05-19 02:00:00,24967.01,25006.0,24923.99,24944.0,11.89318
2023-05-19 03:00:00,24949.01,25011.0,24915.99,24975.71,7.70264
2023-05-19 04:00:00,24978.0,25030.39,24960.34,25029.14,8.92319
2023-05-19 05:00:00,25029.14,25035.67,24979.99,25007.64,12.00808
2023-05-19 06:00:00,25009.35,25044.93,24969.01,24999.54,20.66383
2023-05-19 07:00:00,24999.53,25051.69,24962.1,24971.41,22.26005
2023-05-19 08:00:00,24971.38,25019.59,24954.82,24975.08,25.55162
2023-05-19 09:00:00,24975.08,24998.15,24891.35,24910.14,41.7483
2023-05-19 10:00:00,24909.01,24963.0,24882.88,24911.3,31.53833
2023-05-19 11:00:00,24911.3,24949.55,24888.18,24920.56,33.30931
2023-05-19 12:00:00,24920.57,25035.67,24920.57,24979.5,57.85579
2023-05-19 13:00:00,24979.51,25031.01,24916.08,24938.63,49.39102
2023-05-19 14:00:00,24939.36,24942.55,24858.13,24925.16,57.94969
2023-05-19 15:00:00,24926.37,25167.48,24683.08,24903.32,152.65094
2023-05-19 16:00:00,24901.68,24973.13,24847.0,24858.68,52.74407
2023-05-19 17:00:00,24857.9,24978.0,24847.0,24934.45,28.83699
2023-05-19 18:00:00,24935.08,24976.84,24919.01,24942.69,23.5198
2023-05-19 19:00:00,24942.7,24942.7,24859.01,24903.47,23.47984
2023-05-19 20:00:00,24900.96,24940.05,24874.8,24900.06,16.16625
2023-05-19 21:00:00,24893.56,24966.66,24893.56,24966.66,11.26042
2023-05-19 22:00:00,24966.77,24984.28,24927.82,24937.01,13.364
2023-05-19 23:00:00,24939.49,24965.23,24930.23,24948.21,7.68069
2023-05-20 00:00:00,24948.2,24976.2,24900.0,24916.13,10.23463
2023-05-20 01:00:00,24916.12,24950.32,24914.47,24929.99,6.88971
2023-05-20 02:00:00,24930.83,24937.92,24897.96,24900.54,4.85632
2023-05-20 03:00:00,24903.85,24937.99,24901.59,24930.98,6.25717
2023-05-20 04:00:00,24926.94,24938.83,24912.01,24938.58,5.27339
2023-05-20 05:00:00,24935.09,24935.09,24906.06,24932.0,8.24115
2023-05-20 06:00:00,24931.17,24933.99,24901.49,24913.93,9.36243
2023-05-20 07:00:00,24913.95,24916.22,24899.5,24914.81,7.70882
2023-05-20 08:00:00,24914.82,24977.75,24914.43,24967.92,12.71363
2023-05-20 09:00:00,24968.74,24975.29,24937.01,24943.74,13.52248
2023-05-20 10:00:00,24943.73,24965.76,24934.38,24953.17,13.12815
2023-05-20 11:00:00,24953.16,24963.0,24925.17,24933.93,14.08271
2023-05-20 12:00:00,24933.35,24996.91,24933.33,24954.5,12.54219
2023-05-20 13:00:00,24954.51,24978.0,24936.26,24952.36,10.72024
2023-05-20 14:00:00,24952.36,24986.79,24952.14,24980.97,9.09643
2023-05-20 15:00:00,24980.96,25032.91,24958.9,25007.0,16.9914
2023-05-20 16:00:00,25010.72,25013.2,24973.38,24980.02,11.05945
2023-05-20 17:00:00,24983.03,25185.1,24977.78,25178.72,28.98602
2023-05-20 18:00:00,25185.86,25190.0,25072.42,25075.99,31.26743
2023-05-20 19:00:00,25077.0,25114.47,25023.51,25101.0,19.0756
2023-05-20 20:00:00,25102.97,25123.07,25041.03,25050.0,19.26687
2023-05-20 21:00:00,25049.99,25082.6,25003.04,25068.02,15.95941
2023-05-20 22:00:00,25068.03,25097.99,25043.14,25095.99,9.77215
2023-05-20 23:00:00,25094.27,25150.96,25076.71,25129.45,10.65018
2023-05-21 00:00:00,25129.45,25282.74,25091.0,25252.33,36.97633
2023-05-21 01:00:00,25260.29,25270.32,25173.95,25181.91,19.16725
2023-05-21 02:00:00,25186.01,25206.99,25170.0,25189.99,8.64334
2023-05-21 03:00:00,25188.08,25208.0,25174.87,25190.13,5.84836
2023-05-21 04:00:00,25194.98,25194.98,25141.54,25146.37,12.16743
2023-05-21 05:00:00,25147.78,25155.6,25110.79,25118.26,14.00125
2023-05-21 06:00:00,25118.26,25124.0,25085.99,25103.96,9.22191
2023-05-21 07:00:00,25104.36,25107.14,25072.0,25077.95,10.31039
2023-05-21 08:00:00,25077.64,25092.03,25050.01,25066.38,15.56746
2023-05-21 09:00:00,25066.39,25104.27,25050.01,25098.06,21.54388
2023-05-21 10:00:00,25098.09,25108.26,24925.62,24982.81,35.54737
2023-05-21 11:00:00,24982.8,24982.8,24821.17,24868.07,63.01515
2023-05-21 12:00:00,24868.07,24976.04,24848.95,24964.8,40.74282
2023-05-21 13:00:00,24961.99,24971.08,24924.75,24926.24,14.27435
2023-05-21 14:00:00,24925.68,25002.0,24920.96,24929.01,21.04422
2023-05-21 15:00:00,24929.01,25005.23,24850.0,24930.04,27.98467
2023-05-21 16:00:00,24933.01,24954.76,24891.02,24925.68,24.48071
2023-05-21 17:00:00,24923.0,24964.75,24876.94,24910.47,22.88127
2023-05-21 18:00:00,24911.66,24929.78,24885.15,24904.0,20.22515
2023-05-21 19:00:00,24902.93,24952.39,24894.0,24939.78,15.01663
2023-05-21 20:00:00,24939.78,24960.75,24861.12,24871.05,30.23153
2023-05-21 21:00:00,24871.04,24876.66,24701.45,24787.43,70.73693
2023-05-21 22:00:00,24785.01,24831.24,24768.99,24776.04,26.31946
2023-05-21 23:00:00,24776.39,24824.78,24753.18,24772.0,17.98581
2023-05-22 00:00:00,24772.0,24806.38,24599.02,24688.73,43.65861
2023-05-22 01:00:00,24683.35,24719.87,24600.85,24617.0,51.47677
2023-05-22 02:00:00,24618.67,24707.51,24581.05,24692.32,27.36417
2023-05-22 03:00:00,24694.56,24724.75,24678.05,24693.99,16.25863
2023-05-22 04:00:00,24692.46,24769.61,24690.74,24736.01,20.77802
2023-05-22 05:00:00,24735.38,24845.81,24735.38,24809.99,28.03931
2023-05-22 06:00:00,24808.56,24949.98,24801.04,24871.73,39.56656
2023-05-22 07:00:00,24877.23,24941.09,24855.13,24898.45,39.22787
2023-05-22 08:00:00,24898.48,24953.7,24877.55,24878.99,41.15783
2023-05-22 09:00:00,24879.0,24919.0,24847.53,24880.38,44.01343
2023-05-22 10:00:00,24880.39,24898.86,24801.31,24841.97,42.17923
2023-05-22 11:00:00,24841.97,24847.79,24790.09,24818.23,46.20524
2023-05-22 12:00:00,24816.93,24849.31,24735.1,24740.63,43.45716
2023-05-22 13:00:00,24740.62,25090.69,24712.95,25021.0,75.98442
2023-05-22 14:00:00,25021.99,25057.39,24796.48,25014.26,116.37609
2023-05-22 15:00:00,25014.32,25032.99,24882.16,24934.19,58.66669
2023-05-22 16:00:00,24930.99,24964.49,24864.65,24900.12,33.75451
2023-05-22 17:00:00,24900.38,24930.44,24827.82,24882.05,53.30874
2023-05-22 18:00:00,24880.01,24952.69,24866.75,24903.57,36.07077
2023-05-22 19:00:00,24903.58,24913.0,24841.08,24884.29,33.57899
2023-05-22 20:00:00,24889.78,24949.0,24853.19,24916.55,18.24866
2023-05-22 21:00:00,24913.61,24970.0,24895.0,24920.34,21.14059
2023-05-22 22:00:00,24920.4,24931.7,24887.98,24891.96,15.13404
2023-05-22 23:00:00,24891.02,24902.18,24859.81,24880.91,11.89938
2023-05-23 00:00:00,24881.67,24947.51,24825.29,24849.65,24.59181
2023-05-23 01:00:00,24849.76,25110.77,24832.83,25010.02,66.66635
2023-05-23 02:00:00,25011.78,25170.0,25011.78,25133.95,28.03158
2023-05-23 03:00:00,25134.0,25400.0,25126.77,25354.61,92.97826
2023-05-23 04:00:00,25356.66,25411.86,25322.0,25356.98,59.77213
2023-05-23 05:00:00,25357.54,25453.37,25344.11,25364.01,60.02344
2023-05-23 06:00:00,25368.21,25397.36,25244.11,25251.87,53.84586
2023-05-23 07:00:00,25251.87,25323.57,25212.96,25290.56,64.72263
2023-05-23 08:00:00,25294.49,25332.0,25263.45,25331.71,50.29133
2023-05-23 09:00:00,25329.47,25349.97,25308.01,25321.9,54.02014
2023-05-23 10:00:00,25322.7,25374.45,25304.37,25364.36,40.17277
2023-05-23 11:00:00,25366.58,25385.26,25327.22,25376.94,39.59351
2023-05-23 12:00:00,25376.95,25428.26,25304.51,25369.61,63.96256
2023-05-23 13:00:00,25372.16,25387.06,25243.42,25306.74,77.64873
2023-05-23 14:00:00,25306.95,25392.34,25302.01,25378.14,46.5386
2023-05-23 15:00:00,25377.81,25410.74,25350.66,25376.48,31.70122
2023-05-23 16:00:00,25376.51,25392.39,25280.57,25305.09,52.97341
2023-05-23 17:00:00,25304.49,25342.68,25232.31,25249.0,38.69013
2023-05-23 18:00:00,25249.56,25268.37,25175.11,25190.62,42.75657
2023-05-23 19:00:00,25190.62,25296.49,25161.92,25265.0,33.97792
2023-05-23 20:00:00,25265.01,25319.3,25231.87,25292.48,28.46441
2023-05-23 21:00:00,25292.48,25308.06,25238.83,25258.14,23.59761
2023-05-23 22:00:00,25258.15,25282.39,25239.7,25255.08,12.72279
2023-05-23 23:00:00,25254.03,25305.0,25250.11,25281.39,11.05253
2023-05-24 00:00:00,25281.39,25285.6,25194.3,25219.01,15.47574
2023-05-24 01:00:00,25219.77,25251.58,25199.37,25210.03,18.35076
2023-05-24 02:00:00,25200.47,25238.28,25190.01,25229.0,6.54313
2023-05-24 03:00:00,25231.0,25233.42,24762.35,24882.12,98.73191
2023-05-24 04:00:00,24880.0,24912.12,24813.46,24896.99,42.00739
2023-05-24 05:00:00,24894.35,24916.42,24817.67,24860.0,45.61466
2023-05-24 06:00:00,24861.0,24861.0,24727.77,24827.28,45.88052
2023-05-24 07:00:00,24827.83,24875.37,24765.11,24791.77,64.95879
2023-05-24 08:00:00,24791.76,24869.0,24785.01,24868.03,52.69653
2023-05-24 09:00:00,24870.0,24944.62,24858.0,24869.0,66.03229
2023-05-24 10:00:00,24869.0,24911.81,24862.04,24884.79,41.39493
2023-05-24 11:00:00,24884.8,24900.0,24821.99,24864.16,36.62893
2023-05-24 12:00:00,24864.17,24864.17,24770.01,24802.87,56.49604
2023-05-24 13:00:00,24803.6,24816.38,24450.0,24619.0,174.91457
2023-05-24 14:00:00,24620.29,24620.29,24351.0,24479.0,164.07405
2023-05-24 15:00:00,24479.01,24571.04,24311.73,24531.25,156.00373
2023-05-24 16:00:00,24531.41,24543.73,24397.0,24463.93,47.5716
2023-05-24 17:00:00,24463.94,24566.0,24396.0,24502.92,76.24035
2023-05-24 18:00:00,24504.17,24548.21,24442.71,24468.09,45.29487
2023-05-24 19:00:00,24466.29,24616.02,24450.92,24489.53,62.26373
2023-05-24 20:00:00,24489.54,24710.91,24484.1,24634.68,61.64417
2023-05-24 21:00:00,24637.9,24690.63,24544.5,24596.16,36.847
2023-05-24 22:00:00,24596.16,24650.24,24550.0,24575.71,24.07883
2023-05-24 23:00:00,24576.0,24613.64,24545.01,24551.0,12.28554
2023-05-25 00:00:00,24550.96,24611.53,24440.0,24478.39,33.96591
2023-05-25 01:00:00,24478.39,24543.83,24155.52,24382.99,100.66596
2023-05-25 02:00:00,24384.0,24405.93,24317.05,24384.71,12.61602
2023-05-25 03:00:00,24384.99,24472.99,24384.99,24437.51,23.52963
2023-05-25 04:00:00,24434.49,24517.0,24407.01,24475.91,22.79389
2023-05-25 05:00:00,24479.27,24525.98,24464.07,24510.68,17.72052
2023-05-25 06:00:00,24512.28,24548.91,24475.55,24514.0,32.34704
2023-05-25 07:00:00,24512.24,24536.95,24432.55,24440.45,45.37666
2023-05-25 08:00:00,24441.54,24538.73,24436.55,24511.04,63.32385
2023-05-25 09:00:00,24511.04,24546.23,24497.81,24543.17,69.68525
2023-05-25 10:00:00,24543.21,24564.19,24471.74,24500.25,58.58843
2023-05-25 11:00:00,24502.0,24572.94,24450.29,24531.0,57.68705
2023-05-25 12:00:00,24531.01,24715.99,24530.34,24672.5,109.08094
2023-05-25 13:00:00,24672.49,24699.6,24562.76,24636.29,74.15916
2023-05-25 14:00:00,24636.29,24697.03,24563.84,24632.15,72.01726
2023-05-25 15:00:00,24632.15,24650.0,24450.01,24499.85,62.37636
2023-05-25 16:00:00,24499.89,24602.16,24488.79,24561.12,57.14841
2023-05-25 17:00:00,24561.15,24655.78,24527.11,24614.13,43.97645
2023-05-25 18:00:00,24614.13,24671.73,24593.02,24639.6,44.17169
2023-05-25 19:00:00,24639.61,24868.88,24633.57,24726.37,54.6235
2023-05-25 20:00:00,24726.12,24778.27,24712.22,24734.01,27.8352
2023-05-25 21:00:00,24734.0,24734.0,24687.29,24716.0,21.59466
2023-05-25 22:00:00,24716.0,24718.57,24679.74,24698.62,22.22228
2023-05-25 23:00:00,24699.73,24792.68,24697.65,24717.78,22.77788
2023-05-26 00:00:00,24717.78,24758.03,24646.02,24724.11,27.45327
2023-05-26 01:00:00,24724.25,24773.99,24598.73,24659.23,40.1704
2023-05-26 02:00:00,24655.0,24680.22,24618.43,24633.99,13.17049
2023-05-26 03:00:00,24634.0,24697.71,24624.14,24663.39,23.30608
2023-05-26 04:00:00,24662.52,24671.25,24636.24,24648.02,9.27416
2023-05-26 05:00:00,24647.24,24652.65,24564.0,24576.0,24.21197
2023-05-26 06:00:00,24573.47,24674.24,24557.0,24671.92,26.10787
2023-05-26 07:00:00,24674.58,24750.77,24654.29,24723.48,40.20424
2023-05-26 08:00:00,24725.01,24782.04,24710.49,24714.4,53.99661
2023-05-26 09:00:00,24714.39,24732.13,24682.17,24704.66,48.24127
2023-05-26 10:00:00,24703.79,24734.0,24670.89,24673.11,37.88415
2023-05-26 11:00:00,24673.11,24711.09,24641.66,24688.36,35.8799
2023-05-26 12:00:00,24688.36,24736.88,24607.03,24688.8,83.2112
2023-05-26 13:00:00,24686.7,24868.42,24683.68,24822.43,81.36361
2023-05-26 14:00:00,24824.27,25185.97,24812.24,25062.83,153.94114
2023-05-26 15:00:00,25061.92,25143.63,25028.46,25034.06,62.46052
2023-05-26 16:00:00,25036.99,25096.74,25023.0,25065.95,45.32193
2023-05-26 17:00:00,25065.14,25092.0,24950.11,24979.91,42.06724
2023-05-26 18:00:00,24980.48,25008.35,24877.87,24987.01,51.31801
2023-05-26 19:00:00,24987.01,25079.99,24987.01,25021.3,45.02023
2023-05-26 20:00:00,25019.97,25056.18,25001.23,25006.85,22.85204
2023-05-26 21:00:00,25005.41,25040.32,24994.0,24994.02,27.2925
2023-05-26 22:00:00,24994.02,25024.43,24960.08,24960.18,25.84509
2023-05-26 23:00:00,24960.19,25003.89,24960.19,24981.7,19.86867
2023-05-27 00:00:00,24979.12,24992.12,24910.01,24927.96,15.5927
2023-05-27 01:00:00,24926.17,24983.97,24921.16,24983.96,7.51478
2023-05-27 02:00:00,24985.31,25013.75,24960.89,25013.53,9.16539
2023-05-27 03:00:00,25010.93,25040.0,24982.86,25020.08,6.48607
2023-05-27 04:00:00,25021.7,25050.0,24993.78,25027.74,6.75453
2023-05-27 05:00:00,25027.01,25036.53,25004.09,25004.09,7.03617
2023-05-27 06:00:00,25004.09,25028.95,24981.61,25019.26,10.37932
2023-05-27 07:00:00,25019.01,25019.02,24973.24,24981.4,25.36767
2023-05-27 08:00:00,24981.36,24982.56,24931.53,24942.33,28.97325
2023-05-27 09:00:00,24943.97,24989.32,24938.37,24956.47,22.99133
2023-05-27 10:00:00,24957.83,24978.57,24927.63,24939.24,25.84903
2023-05-27 11:00:00,24933.33,24976.62,24925.84,24962.32,21.95629
2023-05-27 12:00:00,24962.32,25008.07,24943.54,24978.55,26.19154
2023-05-27 13:00:00,24978.55,25039.73,24830.22,24891.6,37.56801
2023-05-27 14:00:00,24891.63,24979.99,24873.98,24931.01,36.15804
2023-05-27 15:00:00,24931.39,24953.24,24901.01,24952.66,12.09537
2023-05-27 16:00:00,24952.46,24952.92,24879.29,24917.01,15.43514
2023-05-27 17:00:00,24917.01,25010.03,24914.5,25003.82,25.81532
2023-05-27 18:00:00,25007.34,25082.63,24967.4,24967.4,35.5894
2023-05-27 19:00:00,24975.87,25031.0,24971.23,24998.99,20.15552
2023-05-27 20:00:00,24997.98,25012.0,24980.0,24997.56,17.75724
2023-05-27 21:00:00,24995.62,25025.51,24980.0,25011.05,20.47188
2023-05-27 22:00:00,25011.09,25074.13,25000.01,25050.21,22.68692
2023-05-27 23:00:00,25050.61,25132.31,25050.61,25099.11,16.39338
2023-05-28 00:00:00,25101.66,25337.19,25022.02,25299.51,55.25792
2023-05-28 01:00:00,25307.53,25369.99,25270.72,25300.07,47.80212
2023-05-28 02:00:00,25301.99,25322.87,25263.79,25288.99,25.09824
2023-05-28 03:00:00,25289.02,25428.0,25289.02,25371.97,39.0214
2023-05-28 04:00:00,25372.0,25461.99,25356.79,25361.85,33.52113
2023-05-28 05:00:00,25362.0,25380.76,25320.0,25360.99,30.13072
2023-05-28 06:00:00,25360.99,25419.08,25360.99,25380.92,33.55014
2023-05-28 07:00:00,25380.35,25425.72,25380.35,25421.86,33.65395
2023-05-28 08:00:00,25424.0,25437.99,25401.9,25426.48,45.40229
2023-05-28 09:00:00,25426.49,25430.41,25372.96,25392.47,12.96444
2023-05-28 10:00:00,25392.52,25449.24,25382.23,25441.06,18.00413
2023-05-28 11:00:00,25439.13,25572.02,25377.18,25381.0,39.1856
2023-05-28 12:00:00,25381.0,25413.39,25333.74,25373.64,19.89813
2023-05-28 13:00:00,25371.9,25439.09,25362.86,25397.6,18.86364
2023-05-28 14:00:00,25397.6,25447.8,25386.45,25388.51,27.09073
2023-05-28 15:00:00,25388.51,25469.82,25375.12,25468.53,14.95021
2023-05-28 16:00:00,25465.38,25520.0,25422.02,25448.0,22.68595
2023-05-28 17:00:00,25446.88,25600.0,25403.54,25525.15,34.61935
2023-05-28 18:00:00,25525.07,25886.8,25489.1,25735.92,75.8126
2023-05-28 19:00:00,25735.92,25775.72,25634.13,25683.6,34.6594
2023-05-28 20:00:00,25687.79,25756.71,25687.79,25717.02,30.36358
2023-05-28 21:00:00,25718.42,26066.0,25718.42,25983.55,65.94217
2023-05-28 22:00:00,25982.84,26288.87,25982.84,26212.81,74.47556
2023-05-28 23:00:00,26215.0,26351.93,26166.48,26182.0,45.77212
2023-05-29 00:00:00,26199.65,26526.7,26196.53,26299.05,78.7501
2023-05-29 01:00:00,26305.76,26325.0,26227.08,26251.48,31.2104
2023-05-29 02:00:00,26254.63,26265.77,26177.0,26177.02,18.73795
2023-05-29 03:00:00,26177.0,26214.83,25999.74,26046.45,32.54579
2023-05-29 04:00:00,26049.2,26116.38,25975.22,26051.37,48.06654
2023-05-29 05:00:00,26051.47,26134.0,26037.0,26081.47,24.91237
2023-05-29 06:00:00,26082.0,26124.78,26076.21,26097.48,18.30491
2023-05-29 07:00:00,26096.57,26096.57,25953.73,26009.91,33.2938
2023-05-29 08:00:00,26009.92,26087.67,25977.0,26019.89,28.7356
2023-05-29 09:00:00,26019.5,26095.05,25994.0,26095.05,25.14362
2023-05-29 10:00:00,26095.05,26140.29,25929.17,26035.62,42.60939
2023-05-29 11:00:00,26035.63,26111.96,26025.17,26090.99,18.14729
2023-05-29 12:00:00,26091.0,26121.99,26049.33,26069.41,16.68631
2023-05-29 13:00:00,26068.98,26130.45,26063.13,26106.87,17.32222
2023-05-29 14:00:00,26106.87,26131.99,25899.9,25988.07,37.26993
2023-05-29 15:00:00,25988.58,26042.1,25801.02,25836.41,58.89723
2023-05-29 16:00:00,25829.66,25878.99,25757.95,25803.87,40.21396
2023-05-29 17:00:00,25803.25,25932.14,25733.96,25888.52,28.47135
2023-05-29 18:00:00,25890.37,25917.14,25817.4,25847.18,20.60259
2023-05-29 19:00:00,25847.25,25917.2,25839.02,25860.92,13.87859
2023-05-29 20:00:00,25860.92,25924.39,25848.0,25906.01,17.13977
2023-05-29 21:00:00,25905.07,25933.5,25862.92,25881.0,11.15298
2023-05-29 22:00:00,25881.01,25899.97,25773.18,25896.99,24.93237
2023-05-29 23:00:00,25898.89,26010.78,25890.99,25940.95,19.82189
2023-05-30 00:00:00,25942.0,25956.55,25780.14,25903.98,12.31813
2023-05-30 01:00:00,25906.0,25977.32,25892.0,25939.32,5.7712
2023-05-30 02:00:00,25938.66,25959.98,25893.0,25947.79,7.69161
2023-05-30 03:00:00,25950.25,26106.28,25939.45,26009.32,22.72213
2023-05-30 04:00:00,26014.0,26033.84,25950.0,25958.99,7.81704
2023-05-30 05:00:00,25959.99,25998.68,25877.13,25997.25,20.54714
2023-05-30 06:00:00,26000.0,26066.25,25994.0,26031.86,12.99147
2023-05-30 07:00:00,26031.77,26078.0,25992.39,25992.4,25.76189
2023-05-30 08:00:00,25992.4,26055.64,25970.99,26002.91,28.399
2023-05-30 09:00:00,26002.93,26101.49,26002.93,26050.08,44.4097
2023-05-30 10:00:00,26051.71,26166.83,26031.12,26048.32,49.85845
2023-05-30 11:00:00,26051.41,26152.23,26006.37,26128.94,44.79223
2023-05-30 12:00:00,26127.35,26134.1,25940.53,26076.99,48.25665
2023-05-30 13:00:00,26076.99,26132.24,25942.26,25973.8,68.81098
2023-05-30 14:00:00,25973.8,26032.83,25795.87,25796.0,70.93983
2023-05-30 15:00:00,25796.0,25918.67,25789.48,25862.39,38.45592
2023-05-30 16:00:00,25862.26,25924.98,25750.0,25903.78,40.29632
2023-05-30 17:00:00,25903.78,25975.03,25845.82,25910.69,40.06836
2023-05-30 18:00:00,25905.91,26001.99,25878.75,25975.0,20.72382
2023-05-30 19:00:00,25973.12,26040.85,25952.16,26038.24,19.2165
2023-05-30 20:00:00,26038.26,26042.81,25940.01,25944.21,25.12625
2023-05-30 21:00:00,25941.3,26023.38,25850.0,25908.0,19.79575
2023-05-30 22:00:00,25907.99,25939.96,25839.0,25917.74,16.32323
2023-05-30 23:00:00,25917.15,25924.99,25861.52,25871.01,16.86145
2023-05-31 00:00:00,25872.28,25928.96,25840.08,25928.96,9.41759
2023-05-31 01:00:00,25929.0,26004.06,25915.53,25963.0,10.3156
2023-05-31 02:00:00,25955.0,25955.0,25805.18,25923.34,19.68179
2023-05-31 03:00:00,25924.14,25953.0,25854.08,25917.09,11.23919
2023-05-31 04:00:00,25917.09,25922.77,25518.02,25533.86,71.82351
2023-05-31 05:00:00,25522.0,25549.05,25322.92,25374.08,86.8433
2023-05-31 06:00:00,25378.0,25502.63,25275.58,25476.4,51.63473
2023-05-31 07:00:00,25476.02,25550.0,25458.72,25515.04,30.40684
2023-05-31 08:00:00,25515.05,25563.03,25482.23,25524.96,31.04432
2023-05-31 09:00:00,25522.0,25528.99,25417.76,25497.79,44.25634
2023-05-31 10:00:00,25494.15,25507.63,25381.28,25398.57,33.58998
2023-05-31 11:00:00,25398.6,25433.19,25330.0,25409.0,49.19837
2023-05-31 12:00:00,25413.3,25444.08,25372.66,25414.01,32.2982
2023-05-31 13:00:00,25414.03,25524.1,25405.39,25429.81,67.75877
2023-05-31 14:00:00,25429.39,25463.49,25243.79,25427.05,118.27458
2023-05-31 15:00:00,25427.05,25451.99,25281.0,25318.76,44.59123
2023-05-31 16:00:00,25316.3,25413.57,25256.51,25371.24,39.22279
2023-05-31 17:00:00,25371.24,25466.36,25339.95,25431.77,36.34975
2023-05-31 18:00:00,25434.0,25448.72,25371.69,25395.26,27.08733
2023-05-31 19:00:00,25396.07,25460.04,25330.59,25347.35,50.2946
2023-05-31 20:00:00,25350.03,25431.47,25335.56,25429.13,32.07947
2023-05-31 21:00:00,25429.41,25439.74,25375.58,25419.26,15.91504
2023-05-31 22:00:00,25421.99,25499.99,25407.27,25490.63,29.8301
2023-05-31 23:00:00,25490.69,25583.0,25466.19,25514.83,17.4302
2023-06-01 00:00:00,25516.9,25643.45,25350.01,25378.54,28.26168
2023-06-01 01:00:00,25386.0,25482.99,25381.55,25400.39,21.39583
2023-06-01 02:00:00,25400.01,25426.61,24997.0,25063.39,63.63694
2023-06-01 03:00:00,25054.19,25170.0,24960.0,25122.24,58.49146
2023-06-01 04:00:00,25120.68,25166.24,25097.55,25159.31,27.38535
2023-06-01 05:00:00,25157.97,25225.69,25144.59,25216.81,26.10624
2023-06-01 06:00:00,25220.31,25248.57,25141.51,25141.51,37.73727
2023-06-01 07:00:00,25141.73,25239.36,25120.0,25195.86,35.17822
2023-06-01 08:00:00,25193.09,25278.6,25180.67,25260.16,35.83859
2023-06-01 09:00:00,25263.69,25281.9,25195.5,25201.61,33.90441
2023-06-01 10:00:00,25201.6,25209.9,25142.91,25142.91,29.57988
2023-06-01 11:00:00,25150.06,25174.07,25121.38,25160.76,25.29016
2023-06-01 12:00:00,25160.76,25235.89,25100.45,25217.72,65.6312
2023-06-01 13:00:00,25217.51,25241.15,25106.14,25120.03,49.54821
2023-06-01 14:00:00,25120.01,25207.1,25081.85,25127.59,46.82648
2023-06-01 15:00:00,25127.54,25159.23,25059.11,25079.38,50.18034
2023-06-01 16:00:00,25079.4,25306.14,24977.01,25237.35,68.75342
2023-06-01 17:00:00,25237.87,25276.82,25076.43,25114.19,58.84117
2023-06-01 18:00:00,25110.76,25188.2,25087.89,25128.15,39.08028
2023-06-01 19:00:00,25128.16,25142.49,24848.09,25025.31,69.78124
2023-06-01 20:00:00,25029.88,25076.35,25002.26,25030.02,22.64329
2023-06-01 21:00:00,25031.62,25109.45,25031.62,25061.86,20.72928
2023-06-01 22:00:00,25061.78,25075.49,25020.09,25046.84,21.9318
2023-06-01 23:00:00,25046.84,25049.2,24897.22,24991.26,29.27421
2023-06-02 00:00:00,24991.8,24996.15,24706.01,24958.5,86.64721
2023-06-02 01:00:00,24958.55,25015.18,24894.98,24971.96,28.82988
2023-06-02 02:00:00,24974.85,25125.99,24969.91,25104.44,23.69715
2023-06-02 03:00:00,25105.61,25143.62,25068.64,25126.93,14.5086
2023-06-02 04:00:00,25128.24,25249.7,25086.62,25209.15,30.30539
2023-06-02 05:00:00,25211.21,25328.15,25200.01,25282.67,30.48038
2023-06-02 06:00:00,25282.1,25282.4,25195.61,25199.73,20.70826
2023-06-02 07:00:00,25199.67,25245.63,25178.68,25192.84,20.00761
2023-06-02 08:00:00,25193.14,25294.55,25193.14,25288.34,30.26809
2023-06-02 09:00:00,25288.37,25304.41,25205.38,25219.3,27.29385
2023-06-02 10:00:00,25219.3,25232.68,25161.93,25194.62,23.94277
2023-06-02 11:00:00,25192.41,25269.89,25181.28,25231.75,26.62346
2023-06-02 12:00:00,25232.05,25340.11,25102.82,25259.4,78.05282
2023-06-02 13:00:00,25257.37,25261.16,25027.16,25093.34,72.87214
2023-06-02 14:00:00,25085.47,25213.77,25075.16,25207.36,62.09904
2023-06-02 15:00:00,25203.05,25344.98,25200.38,25335.03,33.27025
2023-06-02 16:00:00,25334.65,25362.51,25278.47,25316.91,29.58833
2023-06-02 17:00:00,25316.63,25346.23,25283.17,25314.05,25.25303
2023-06-02 18:00:00,25319.13,25442.17,25276.02,25441.39,17.14659
2023-06-02 19:00:00,25442.18,25532.27,25382.66,25482.39,32.36308
2023-06-02 20:00:00,25485.28,25522.66,25435.05,25436.03,16.32295
2023-06-02 21:00:00,25431.34,25499.67,25411.26,25465.0,12.63038
2023-06-02 22:00:00,25465.01,25549.99,25457.02,25523.57,12.95766
2023-06-02 23:00:00,25523.58,25532.06,25492.8,25504.45,8.80608
2023-06-03 00:00:00,25503.87,25506.22,25420.86,25432.81,5.64029
2023-06-03 01:00:00,25426.43,25451.86,25370.0,25398.31,4.79208
2023-06-03 02:00:00,25396.4,25430.72,25389.64,25408.68,3.68537
2023-06-03 03:00:00,25406.52,25432.01,25392.95,25400.95,2.47914
2023-06-03 04:00:00,25400.95,25428.29,25369.34,25414.85,4.5047
2023-06-03 05:00:00,25414.85,25430.59,25400.0,25416.3,3.82109
2023-06-03 06:00:00,25418.67,25469.99,25418.67,25436.99,5.34517
2023-06-03 07:00:00,25438.13,25460.13,25426.31,25433.6,6.33342
2023-06-03 08:00:00,25435.72,25447.28,25397.49,25407.81,10.14356
2023-06-03 09:00:00,25404.03,25414.65,25391.12,25412.25,5.33692
2023-06-03 10:00:00,25412.27,25436.64,25377.8,25399.46,9.26315
2023-06-03 11:00:00,25399.47,25433.02,25386.67,25402.06,7.01802
2023-06-03 12:00:00,25402.06,25439.35,25396.87,25432.87,6.96333
2023-06-03 13:00:00,25432.87,25452.38,25415.98,25437.25,8.29413
2023-06-03 14:00:00,25437.25,25466.73,25437.14,25439.64,7.47057
2023-06-03 15:00:00,25438.56,25576.63,25392.64,25557.52,22.35729
2023-06-03 16:00:00,25559.57,25565.99,25484.25,25503.81,14.41163
2023-06-03 17:00:00,25498.67,25510.83,25382.53,25418.3,16.20071
2023-06-03 18:00:00,25418.31,25441.4,25382.45,25406.17,9.9418
2023-06-03 19:00:00,25408.78,25419.64,25291.0,25355.53,21.97078
2023-06-03 20:00:00,25353.11,25385.77,25313.71,25321.35,10.43263
2023-06-03 21:00:00,25321.35,25339.51,25194.73,25276.08,20.29615
2023-06-03 22:00:00,25276.07,25348.43,25276.07,25338.5,5.82996
2023-06-03 23:00:00,25339.44,25352.56,25318.77,25337.5,4.3288
2023-06-04 00:00:00,25337.66,25338.45,25277.71,25285.03,5.59163
2023-06-04 01:00:00,25277.41,25342.09,25232.52,25301.07,8.94518
2023-06-04 02:00:00,25301.06,25353.47,25294.42,25340.55,5.33709
2023-06-04 03:00:00,25342.02,25342.15,25302.64,25315.68,4.602
2023-06-04 04:00:00,25323.63,25340.9,25300.01,25312.22,5.51266
2023-06-04 05:00:00,25309.81,25315.95,25282.25,25296.98,3.95522
2023-06-04 06:00:00,25296.98,25391.74,25290.56,25381.16,6.39072
2023-06-04 07:00:00,25385.15,25409.97,25375.28,25398.49,14.73472
2023-06-04 08:00:00,25398.68,25414.14,25378.07,25405.9,6.35331
2023-06-04 09:00:00,25406.99,25492.18,25406.99,25469.12,9.44761
2023-06-04 10:00:00,25468.13,25482.03,25432.94,25472.51,10.37041
2023-06-04 11:00:00,25474.93,25487.99,25429.06,25441.48,6.11664
2023-06-04 12:00:00,25441.46,25463.09,25413.16,25461.29,10.82252
2023-06-04 13:00:00,25461.28,25543.19,25450.61,25495.31,14.1196
2023-06-04 14:00:00,25496.99,25518.84,25427.36,25490.59,10.54236
2023-06-04 15:00:00,25492.11,25505.4,25434.94,25438.69,9.14299
2023-06-04 16:00:00,25438.66,25454.86,25412.43,25431.32,7.30348
2023-06-04 17:00:00,25427.3,25465.63,25421.74,25440.42,10.76459
2023-06-04 18:00:00,25440.01,25467.6,25435.31,25454.07,9.45744
2023-06-04 19:00:00,25454.08,25482.65,25445.2,25473.52,6.17026
2023-06-04 20:00:00,25473.11,25522.68,25465.92,25500.74,9.32242
2023-06-04 21:00:00,25498.05,25529.15,25445.01,25456.6,9.91738
2023-06-04 22:00:00,25456.74,25699.98,25452.47,25498.29,60.29238
2023-06-04 23:00:00,25505.91,25583.38,25333.0,25404.89,28.91823
2023-06-05 00:00:00,25395.82,25419.46,25252.88,25323.85,19.4744
2023-06-05 01:00:00,25326.67,25349.54,25240.39,25334.93,15.62317
2023-06-05 02:00:00,25334.0,25358.45,25161.99,25221.06,18.0193
2023-06-05 03:00:00,25207.78,25210.42,25095.36,25137.71,28.86461
2023-06-05 04:00:00,25137.64,25173.9,25084.25,25147.6,11.39896
2023-06-05 05:00:00,25146.14,25152.53,25070.4,25134.58,29.53653
2023-06-05 06:00:00,25134.76,25171.47,25100.0,25101.74,12.13558
2023-06-05 07:00:00,25106.72,25180.42,25089.8,25173.3,23.67498
2023-06-05 08:00:00,25173.24,25187.78,25130.38,25133.72,23.42674
2023-06-05 09:00:00,25133.73,25162.73,25055.04,25102.97,36.28517
2023-06-05 10:00:00,25102.97,25130.9,25059.59,25059.68,30.77878
2023-06-05 11:00:00,25060.03,25142.58,25019.55,25111.35,30.39088
2023-06-05 12:00:00,25111.35,25114.75,25010.66,25046.34,29.15557
2023-06-05 13:00:00,25046.15,25108.03,25010.0,25084.37,28.74276
2023-06-05 14:00:00,25083.0,25103.84,24990.42,25093.05,40.4902
2023-06-05 15:00:00,25094.35,25100.95,24335.8,24337.3,150.00023
2023-06-05 16:00:00,24335.99,24398.46,23850.0,24291.24,334.87245
2023-06-05 17:00:00,24296.35,24296.35,24025.37,24220.42,84.53244
2023-06-05 18:00:00,24217.24,24219.18,24000.0,24027.67,57.4343
2023-06-05 19:00:00,24027.96,24121.24,23886.84,24116.48,82.63484
2023-06-05 20:00:00,24118.89,24174.92,24030.11,24082.54,43.668
2023-06-05 21:00:00,24076.7,24121.06,23966.05,24095.79,32.33427
2023-06-05 22:00:00,24095.78,24202.84,24087.72,24144.96,22.0979
2023-06-05 23:00:00,24144.94,24279.89,24135.25,24159.46,20.72763
2023-06-06 00:00:00,24159.22,24188.23,24106.19,24119.56,17.34645
2023-06-06 01:00:00,24118.67,24126.99,24045.95,24063.1,25.65527
2023-06-06 02:00:00,24063.08,24197.84,24030.8,24177.56,23.8324
2023-06-06 03:00:00,24177.54,24177.54,24128.95,24141.23,6.00122
2023-06-06 04:00:00,24141.23,24194.52,24137.91,24181.99,17.36868
2023-06-06 05:00:00,24181.99,24200.07,24133.37,24149.0,25.32722
2023-06-06 06:00:00,24149.38,24169.53,24119.41,24141.12,19.98008
2023-06-06 07:00:00,24141.12,24217.96,24125.7,24134.47,28.44936
2023-06-06 08:00:00,24134.79,24163.57,24108.67,24144.98,22.84408
2023-06-06 09:00:00,24144.96,24232.37,24137.72,24202.66,40.44355
2023-06-06 10:00:00,24202.42,24242.0,24150.29,24150.5,57.21017
2023-06-06 11:00:00,24150.51,24169.82,24099.0,24146.35,42.50123
2023-06-06 12:00:00,24147.94,24191.27,23850.01,24034.04,108.05186
2023-06-06 13:00:00,24033.78,24234.75,23867.78,24193.21,90.92169
2023-06-06 14:00:00,24193.21,24542.0,24193.21,24432.45,115.20698
2023-06-06 15:00:00,24443.96,24540.24,24350.84,24464.58,70.27658
2023-06-06 16:00:00,24470.7,24795.49,24469.91,24751.6,61.28306
2023-06-06 17:00:00,24756.63,25140.0,24697.28,25041.81,128.88043
2023-06-06 18:00:00,25040.33,25128.63,25010.13,25052.29,43.72934
2023-06-06 19:00:00,25055.01,25538.77,25052.32,25420.87,107.78455
2023-06-06 20:00:00,25421.16,25540.0,25205.26,25276.05,89.81027
2023-06-06 21:00:00,25288.8,25413.5,25283.91,25375.71,27.80905
2023-06-06 22:00:00,25389.17,25500.0,25367.8,25476.77,16.30768
2023-06-06 23:00:00,25472.37,25650.77,25444.21,25536.98,44.88577
2023-06-07 00:00:00,25546.03,25666.4,25459.56,25481.4,35.18455
2023-06-07 01:00:00,25478.2,25521.7,25367.5,25386.82,24.92021
2023-06-07 02:00:00,25392.64,25401.0,25234.0,25248.18,24.58789
2023-06-07 03:00:00,25248.57,25278.87,25053.36,25226.1,31.79586
2023-06-07 04:00:00,25219.12,25271.62,25185.22,25243.56,27.62215
2023-06-07 05:00:00,25243.55,25297.48,25200.79,25239.38,16.2668
2023-06-07 06:00:00,25239.39,25273.06,25171.71,25189.32,14.48473
2023-06-07 07:00:00,25181.77,25248.02,25120.95,25151.47,27.72937
2023-06-07 08:00:00,25153.33,25188.18,25121.85,25165.44,26.35445
2023-06-07 09:00:00,25165.32,25165.32,24791.17,24829.57,57.48455
2023-06-07 10:00:00,24829.57,24914.7,24701.89,24874.64,81.79849
2023-06-07 11:00:00,24873.81,25212.9,24858.97,25147.64,55.74499
2023-06-07 12:00:00,25150.96,25158.03,25010.69,25077.61,43.72434
2023-06-07 13:00:00,25073.12,25105.51,24950.0,25063.66,57.64872
2023-06-07 14:00:00,25061.24,25061.24,24670.62,24774.35,98.72049
2023-06-07 15:00:00,24768.67,24985.56,24594.1,24696.43,79.2004
2023-06-07 16:00:00,24694.62,24785.54,24595.84,24683.25,43.03609
2023-06-07 17:00:00,24682.21,24889.99,24632.23,24853.41,39.81257
2023-06-07 18:00:00,24851.63,24868.91,24778.55,24799.84,14.74956
2023-06-07 19:00:00,24796.69,24847.79,24764.54,24811.77,27.31127
2023-06-07 20:00:00,24809.46,24815.18,24659.03,24698.72,30.45292
2023-06-07 21:00:00,24700.84,24789.71,24481.68,24507.28,36.55837
2023-06-07 22:00:00,24496.36,24710.52,24485.59,24632.75,36.24123
2023-06-07 23:00:00,24635.59,24711.91,24604.23,24678.18,23.93094
2023-06-08 00:00:00,24678.13,24771.76,24648.42,24721.13,19.36959
2023-06-08 01:00:00,24722.13,24799.99,24713.0,24775.24,11.4697
2023-06-08 02:00:00,24779.12,24779.12,24700.01,24715.16,7.98878
2023-06-08 03:00:00,24719.53,24722.04,24549.67,24679.62,18.77084
2023-06-08 04:00:00,24675.22,24748.78,24657.06,24717.99,13.34338
2023-06-08 05:00:00,24723.3,24749.6,24666.89,24696.99,18.09933
2023-06-08 06:00:00,24697.0,24799.99,24612.56,24734.28,27.67977
2023-06-08 07:00:00,24736.82,24840.78,24727.77,24757.94,26.86267
2023-06-08 08:00:00,24757.95,24760.08,24715.04,24729.75,20.9579
2023-06-08 09:00:00,24729.75,24737.07,24672.47,24683.19,32.28897
2023-06-08 10:00:00,24683.19,24775.29,24668.44,24763.3,43.72199
2023-06-08 11:00:00,24763.3,24786.77,24700.0,24718.46,33.2237
2023-06-08 12:00:00,24718.46,24793.67,24655.01,24709.38,73.67966
2023-06-08 13:00:00,24706.7,24725.8,24535.36,24605.55,79.9155
2023-06-08 14:00:00,24605.35,24855.23,24555.09,24826.09,54.96305
2023-06-08 15:00:00,24829.84,24967.99,24755.74,24865.81,42.45099
2023-06-08 16:00:00,24865.82,24879.57,24570.0,24657.15,44.50293
2023-06-08 17:00:00,24658.4,24677.69,24605.0,24646.05,18.12956
2023-06-08 18:00:00,24650.0,24732.52,24606.9,24709.53,13.59947
2023-06-08 19:00:00,24712.36,24730.73,24672.34,24691.59,10.79879
2023-06-08 20:00:00,24693.28,24797.27,24673.13,24778.03,20.13921
2023-06-08 21:00:00,24780.53,24792.48,24700.29,24724.16,14.18002
2023-06-08 22:00:00,24726.47,24754.86,24682.2,24701.68,20.65464
2023-06-08 23:00:00,24701.68,24713.28,24647.23,24655.06,7.68308
2023-06-09 00:00:00,24655.05,24666.91,24589.42,24615.38,22.99693
2023-06-09 01:00:00,24613.42,24736.61,24597.13,24656.53,15.95659
2023-06-09 02:00:00,24653.7,24683.65,24456.26,24615.31,53.48135
2023-06-09 03:00:00,24615.3,24649.69,24590.41,24635.24,11.95681
2023-06-09 04:00:00,24633.38,24653.01,24576.24,24634.46,12.48255
2023-06-09 05:00:00,24634.47,24680.12,24618.14,24645.81,20.16099
2023-06-09 06:00:00,24645.81,24720.75,24623.93,24643.78,22.13097
2023-06-09 07:00:00,24643.78,24657.4,24600.64,24651.39,24.67405
2023-06-09 08:00:00,24652.83,24830.18,24648.5,24827.27,34.85242
2023-06-09 09:00:00,24829.77,24863.93,24777.16,24831.5,27.79127
2023-06-09 10:00:00,24832.86,24861.19,24755.55,24789.72,41.59885
2023-06-09 11:00:00,24789.72,24791.87,24701.16,24743.27,56.41694
2023-06-09 12:00:00,24740.9,24849.09,24737.44,24834.75,47.22665
2023-06-09 13:00:00,24834.86,24935.71,24795.62,24805.26,42.69235
2023-06-09 14:00:00,24810.88,24874.22,24730.45,24793.73,44.69196
2023-06-09 15:00:00,24791.14,24827.73,24662.1,24687.11,33.91812
2023-06-09 16:00:00,24682.44,24738.25,24651.58,24696.37,24.44987
2023-06-09 17:00:00,24696.37,24730.34,24637.57,24711.89,20.87092
2023-06-09 18:00:00,24711.88,24736.05,24637.26,24668.5,14.85063
2023-06-09 19:00:00,24668.49,24702.05,24610.01,24651.47,17.9206
2023-06-09 20:00:00,24654.3,24707.5,24638.01,24692.41,13.69684
2023-06-09 21:00:00,24695.28,24730.11,24679.57,24709.53,8.13104
2023-06-09 22:00:00,24709.54,24732.85,24691.66,24724.3,10.05976
2023-06-09 23:00:00,24724.31,24730.13,24684.9,24707.95,4.80054
2023-06-10 00:00:00,24709.65,24716.93,24676.96,24689.66,6.1953
2023-06-10 01:00:00,24689.52,24753.67,24553.07,24627.54,13.73343
2023-06-10 02:00:00,24631.25,24670.95,24532.79,24573.0,13.78289
2023-06-10 03:00:00,24566.46,24608.58,24512.71,24561.45,12.10841
2023-06-10 04:00:00,24555.94,24592.47,24150.0,24186.11,123.38182
2023-06-10 05:00:00,24189.44,24340.36,24037.74,24047.04,91.20453
2023-06-10 06:00:00,24045.39,24263.9,23979.0,24042.45,98.72435
2023-06-10 07:00:00,24042.45,24296.66,23980.0,24207.05,75.45454
2023-06-10 08:00:00,24205.0,24318.27,24120.78,24230.9,37.63131
2023-06-10 09:00:00,24229.73,24277.58,24198.51,24249.93,16.53236
2023-06-10 10:00:00,24250.56,24309.05,24173.46,24309.05,28.06071
2023-06-10 11:00:00,24309.05,24351.47,24218.51,24332.34,37.11054
2023-06-10 12:00:00,24332.34,24333.31,24150.93,24153.98,18.43821
2023-06-10 13:00:00,24153.99,24247.37,24105.91,24227.1,19.80282
2023-06-10 14:00:00,24227.34,24242.69,24140.0,24207.6,16.25971
2023-06-10 15:00:00,24207.6,24234.74,24167.86,24180.72,12.38499
2023-06-10 16:00:00,24180.71,24201.28,24081.93,24099.62,22.59562
2023-06-10 17:00:00,24104.37,24709.98,23935.45,24485.43,85.38598
2023-06-10 18:00:00,24497.55,24514.0,24000.0,24140.34,46.89512
2023-06-10 19:00:00,24140.58,24311.68,24133.88,24306.63,16.49104
2023-06-10 20:00:00,24318.27,24433.2,24253.58,24322.76,16.76437
2023-06-10 21:00:00,24323.75,24381.13,24256.5,24331.88,16.52213
2023-06-10 22:00:00,24331.88,24488.08,24319.68,24427.19,10.69784
2023-06-10 23:00:00,24427.18,24445.69,24377.34,24385.91,8.10917
2023-06-11 00:00:00,24386.25,24398.79,24275.93,24289.1,4.7163
2023-06-11 01:00:00,24298.48,24395.05,24257.67,24347.56,3.84219
2023-06-11 02:00:00,24343.47,24349.12,24263.0,24303.92,5.52208
2023-06-11 03:00:00,24301.38,24323.19,24251.0,24271.01,5.71541
2023-06-11 04:00:00,24274.34,24305.18,24198.0,24269.08,8.8255
2023-06-11 05:00:00,24268.01,24362.29,24268.01,24337.91,5.3221
2023-06-11 06:00:00,24345.14,24362.08,24285.02,24324.38,13.25501
2023-06-11 07:00:00,24324.69,24341.27,24280.03,24282.43,6.16619
2023-06-11 08:00:00,24282.43,24344.68,24276.89,24288.36,10.1413
2023-06-11 09:00:00,24286.43,24311.06,24192.61,24196.24,13.8325
2023-06-11 10:00:00,24196.61,24284.67,24172.97,24281.18,17.54397
2023-06-11 11:00:00,24281.17,24311.98,24257.85,24261.01,24.93595
2023-06-11 12:00:00,24261.01,24264.39,24218.6,24218.6,15.97189
2023-06-11 13:00:00,24218.91,24282.22,24194.21,24218.68,22.84037
2023-06-11 14:00:00,24218.67,24312.63,24161.37,24209.0,23.89091
2023-06-11 15:00:00,24208.99,24230.0,24170.06,24184.28,16.09851
2023-06-11 16:00:00,24184.13,24350.38,24168.49,24288.79,42.89111
2023-06-11 17:00:00,24291.86,24488.99,24256.66,24411.04,41.14593
2023-06-11 18:00:00,24411.04,24510.0,24400.02,24437.95,31.03407
2023-06-11 19:00:00,24437.95,24557.58,24405.44,24431.51,35.75302
2023-06-11 20:00:00,24431.51,24593.73,24431.51,24533.67,35.45914
2023-06-11 21:00:00,24533.67,24549.6,24385.44,24443.88,22.3611
2023-06-11 22:00:00,24443.87,24465.38,24204.62,24337.41,35.82101
2023-06-11 23:00:00,24342.85,24377.96,24249.14,24333.55,10.90445
2023-06-12 00:00:00,24335.76,24405.42,24254.01,24343.55,9.42187
2023-06-12 01:00:00,24344.41,24375.07,24255.75,24293.89,24.90109
2023-06-12 02:00:00,24297.16,24324.32,24010.0,24148.18,39.48392
2023-06-12 03:00:00,24145.01,24211.7,24131.23,24158.29,15.22342
2023-06-12 04:00:00,24154.27,24185.73,24124.01,24174.75,12.85867
2023-06-12 05:00:00,24174.75,24178.4,24120.78,24123.03,9.22895
2023-06-12 06:00:00,24123.01,24231.38,24105.61,24186.23,18.18
2023-06-12 07:00:00,24183.26,24200.0,24074.58,24104.79,39.43133
2023-06-12 08:00:00,24104.79,24232.0,24080.37,24220.0,33.11861
2023-06-12 09:00:00,24220.0,24380.0,24192.88,24204.63,32.5596
2023-06-12 10:00:00,24204.0,24281.96,24182.0,24183.68,36.01633
2023-06-12 11:00:00,24182.73,24276.83,24173.95,24246.07,26.11869
2023-06-12 12:00:00,24246.07,24250.91,24150.0,24189.97,20.20987
2023-06-12 13:00:00,24189.97,24195.63,24090.11,24117.57,42.0398
2023-06-12 14:00:00,24117.41,24168.89,24044.93,24154.58,38.91754
2023-06-12 15:00:00,24154.58,24165.95,24085.71,24134.79,30.10294
2023-06-12 16:00:00,24134.79,24214.54,24105.35,24130.12,20.82106
2023-06-12 17:00:00,24130.12,24253.99,23970.0,24101.0,53.29168
2023-06-12 18:00:00,24096.76,24148.62,24051.1,24134.73,19.52683
2023-06-12 19:00:00,24134.73,24143.34,24125.06,24125.07,0.21733
